{
  "0": {
    "precision": 0.7769556025369979,
    "recall": 0.8516801853997682,
    "f1-score": 0.8126036484245439,
    "support": 1726.0
  },
  "1": {
    "precision": 0.9494770080915729,
    "recall": 0.9193579208866807,
    "f1-score": 0.9341747572815534,
    "support": 5233.0
  },
  "accuracy": 0.9025722086506682,
  "macro avg": {
    "precision": 0.8632163053142854,
    "recall": 0.8855190531432244,
    "f1-score": 0.8733892028530487,
    "support": 6959.0
  },
  "weighted avg": {
    "precision": 0.9066875346058426,
    "recall": 0.9025722086506682,
    "f1-score": 0.9040221873882931,
    "support": 6959.0
  }
}